{"cameraMode":{"drawMode":0,"name":"Shaded","section":"Shading Mode"},"sceneLighting":true,"audioPlay":false,"sceneViewState":{"m_AlwaysRefresh":false,"showFog":false,"showSkybox":false,"showFlares":false,"showImageEffects":false,"showParticleSystems":false,"showVisualEffectGraphs":false,"m_FxEnabled":true},"in2DMode":false,"pivot":{"x":124.85911560058594,"y":3.967668294906616,"z":-165.19509887695313},"rotation":{"x":0.039320386946201327,"y":0.8844450116157532,"z":-0.07580486685037613,"w":0.4587666094303131},"size":6.3133087158203129,"orthographic":false}