{"cameraMode":{"drawMode":0,"name":"Shaded","section":"Shading Mode"},"sceneLighting":true,"audioPlay":false,"sceneViewState":{"m_AlwaysRefresh":false,"showFog":false,"showSkybox":false,"showFlares":false,"showImageEffects":false,"showParticleSystems":false,"showVisualEffectGraphs":false,"m_FxEnabled":true},"in2DMode":false,"pivot":{"x":206.75558471679688,"y":0.5764589309692383,"z":-154.68399047851563},"rotation":{"x":-0.023229699581861497,"y":-0.6551259160041809,"z":0.019930724054574968,"w":-0.7550039887428284},"size":42.31232833862305,"orthographic":false}